position,residue,num_aa,entropy,max_activity
1,M,-0.0,-0.0,
2,I,-0.0,-0.0,
3,K,-0.0,-0.0,
4,K,-0.0,-0.0,
5,W,-0.0,-0.0,
6,A,-0.0,-0.0,
7,V,-0.0,-0.0,
8,H,-0.0,-0.0,
9,L,-0.0,-0.0,
10,L,-0.0,-0.0,
11,F,-0.0,-0.0,
12,S,-0.0,-0.0,
13,A,-0.0,-0.0,
14,L,-0.0,-0.0,
15,V,-0.0,-0.0,
16,L,-0.0,-0.0,
17,L,-0.0,-0.0,
18,G,-0.0,-0.0,
19,L,-0.0,-0.0,
20,S,-0.0,-0.0,
21,G,-0.0,-0.0,
22,G,-0.0,-0.0,
23,A,-0.0,-0.0,
24,A,-0.0,-0.0,
25,Y,0.0049,0.0049,1.0
26,S,0.0049,0.0049,1.0
27,P,0.0073,0.0073,1.0
28,Q,0.0114,0.0114,1.0
29,H,0.0094,0.0094,2.0
30,A,0.0049,0.0049,1.0
31,E,0.0049,0.0049,1.0
32,G,0.0024,0.0024,1.0
33,A,0.0664,0.0664,2.0
34,A,0.1151,0.1151,2.0
35,R,0.1335,0.1335,2.0
36,Y,0.1303,0.1303,2.0
37,D,0.1274,0.1274,1.0
38,D,0.1206,0.1206,2.0
39,V,0.1327,0.1327,2.0
40,L,0.151,0.151,2.0
41,Y,0.1573,0.1573,2.0
42,F,0.1645,0.1645,1.0
43,P,0.1412,0.1412,1.0
44,A,0.1438,0.1438,1.0
45,S,0.0849,0.0849,2.0
46,R,0.1486,0.1486,1.0
47,Y,0.1205,0.1205,2.0
48,P,0.142,0.142,1.0
49,E,0.1103,0.1103,1.0
50,T,0.1327,0.1327,1.0
51,G,0.1636,0.1636,1.0
52,A,0.1451,0.1451,2.0
53,H,0.0964,0.0964,0.0
54,I,0.1276,0.1276,1.0
55,S,0.154,0.154,2.0
56,D,0.1283,0.1283,1.0
57,A,0.1364,0.1364,1.0
58,I,0.1758,0.1758,1.0
59,K,0.1318,0.1318,2.0
60,A,0.1216,0.1216,2.0
61,G,0.1042,0.1042,1.0
62,H,0.1435,0.1435,1.0
63,A,0.1288,0.1288,1.0
64,D,0.1046,0.1046,2.0
65,V,0.1187,0.1187,2.0
66,C,0.1635,0.1635,0.0
67,T,0.1749,0.1749,0.0
68,I,0.1333,0.1333,0.0
69,E,0.1129,0.1129,2.0
70,R,0.1235,0.1235,0.0
71,S,0.1106,0.1106,2.0
72,G,0.0807,0.0807,2.0
73,A,0.1412,0.1412,2.0
74,D,0.1075,0.1075,2.0
75,K,0.122,0.122,2.0
76,R,0.1447,0.1447,0.0
77,R,0.1489,0.1489,0.0
78,Q,0.1474,0.1474,1.0
79,E,0.1074,0.1074,2.0
80,S,0.0842,0.0842,1.0
81,L,0.0995,0.0995,0.0
82,K,0.1146,0.1146,2.0
83,G,0.1085,0.1085,1.0
84,I,0.1186,0.1186,1.0
85,P,0.1287,0.1287,1.0
86,T,0.1501,0.1501,2.0
87,K,0.1552,0.1552,2.0
88,P,0.1484,0.1484,2.0
89,G,0.0926,0.0926,1.0
90,F,0.1157,0.1157,1.0
91,D,0.1609,0.1609,0.0
92,R,0.132,0.132,0.0
93,D,0.0786,0.0786,0.0
94,E,0.0952,0.0952,0.0
95,W,0.1065,0.1065,1.0
96,P,0.1,0.1,0.0
97,M,0.1335,0.1335,1.0
98,A,0.1484,0.1484,1.0
99,M,0.1838,0.1838,2.0
100,C,0.1264,0.1264,1.0
101,E,0.1074,0.1074,1.0
102,E,0.0977,0.0977,0.0
103,G,0.1289,0.1289,0.0
104,G,0.1066,0.1066,0.0
105,K,0.1545,0.1545,2.0
106,G,0.0949,0.0949,2.0
107,A,0.1215,0.1215,1.0
108,S,0.0609,0.0609,1.0
109,V,0.1169,0.1169,1.0
110,R,0.12,0.12,1.0
111,Y,0.1147,0.1147,1.0
112,V,0.1082,0.1082,1.0
113,S,0.1432,0.1432,1.0
114,S,0.093,0.093,2.0
115,S,0.0972,0.0972,2.0
116,D,0.1294,0.1294,0.0
117,N,0.074,0.074,0.0
118,R,0.1464,0.1464,1.0
119,G,0.1599,0.1599,1.0
120,A,0.1115,0.1115,1.0
121,G,0.148,0.148,1.0
122,S,0.136,0.136,2.0
123,W,0.194,0.194,1.0
124,V,0.1799,0.1799,1.0
125,G,0.1403,0.1403,1.0
126,N,0.1575,0.1575,2.0
127,R,0.1663,0.1663,1.0
128,L,0.1702,0.1702,2.0
129,N,0.1622,0.1622,1.0
130,G,0.1315,0.1315,2.0
131,Y,0.1699,0.1699,1.0
132,A,0.196,0.196,2.0
133,D,0.1472,0.1472,2.0
134,G,0.1839,0.1839,0.0
135,T,0.1458,0.1458,2.0
136,R,0.1484,0.1484,2.0
137,I,0.1609,0.1609,2.0
138,L,0.1751,0.1751,2.0
139,F,0.1773,0.1773,1.0
140,I,0.2039,0.2039,1.0
141,V,0.1866,0.1866,1.0
142,Q,0.1722,0.1722,1.0
